{
  "experiment_name": "surgical_lstm_v1_20260117_212456",
  "model_version": "v1",
  "final_train_loss": 0.016801874593891177,
  "final_val_loss": 0.017249100323716356,
  "final_val_mae": 0.08942813224121594,
  "best_val_loss": 0.017249100323716356,
  "epochs_completed": 20,
  "training_samples": 56994,
  "test_samples": 14249,
  "batch_size": 64,
  "learning_rate": 0.001,
  "hidden_size": 128,
  "train_losses": [
    0.039095565214686254,
    0.028953124246404293,
    0.0275116861420532,
    0.02641102531872581,
    0.025861143081226334,
    0.025449818332588633,
    0.025052840527728215,
    0.024752831960349907,
    0.024395219821746302,
    0.0241043539916392,
    0.023705031377849756,
    0.023292207637828945,
    0.022775686630303944,
    0.02218225467260237,
    0.02155901575157906,
    0.020814388314121968,
    0.019860259161093487,
    0.01900001972136072,
    0.017949880825148687,
    0.016801874593891177
  ],
  "val_losses": [
    0.02715671265439335,
    0.026245567296117944,
    0.02531310804856465,
    0.025322590010750188,
    0.025222845956048356,
    0.024209688275618136,
    0.02423708188042646,
    0.0241868087704473,
    0.024022937668779772,
    0.023833172479352075,
    0.024021118941963255,
    0.02269788066367932,
    0.021962666717011296,
    0.021980659961032226,
    0.021373479982061235,
    0.02018453833133383,
    0.01982005595776666,
    0.018840687075888762,
    0.017985386389721136,
    0.017249100323716356
  ],
  "val_maes": [
    0.115717345055176,
    0.10981701591757916,
    0.1079537967061248,
    0.10841892900221016,
    0.10661751175541515,
    0.10297930501234372,
    0.10747657128246375,
    0.10872199840743446,
    0.10794255271086244,
    0.10442165903446386,
    0.1089145388170208,
    0.10280584824593078,
    0.09766109354560151,
    0.10010795903312786,
    0.09971181603958788,
    0.0956470119879652,
    0.09388559149586566,
    0.09205380611689636,
    0.09000153401908319,
    0.08942813224121594
  ]
}