{
  "experiment_name": "surgical_lstm_v1_20260117_195358",
  "model_version": "v1",
  "final_train_loss": 0.024268509524296364,
  "final_val_loss": 0.023218435657131296,
  "final_val_mae": 0.10325266891931739,
  "best_val_loss": 0.02266376736185476,
  "epochs_completed": 20,
  "training_samples": 56994,
  "test_samples": 14249,
  "batch_size": 64,
  "learning_rate": 0.001,
  "hidden_size": 128,
  "train_losses": [
    0.04290909347292684,
    0.030670281995075318,
    0.029438541674261073,
    0.028601133070183724,
    0.027964827464527622,
    0.02758464183424224,
    0.02707230490156764,
    0.026710885284232305,
    0.026361326315972274,
    0.026170502960322348,
    0.025857125304421927,
    0.0256568566779998,
    0.02544431973198548,
    0.025151230049905954,
    0.025057036449503484,
    0.024939053074177667,
    0.024642118747219628,
    0.024645923383901886,
    0.024339866108448148,
    0.024268509524296364
  ],
  "val_losses": [
    0.027932142575726647,
    0.027898444067436218,
    0.026409471060896937,
    0.025522636654765885,
    0.02607393256417839,
    0.025277544999069163,
    0.024872773477281424,
    0.025558256899161188,
    0.024399833164841872,
    0.024590954272235187,
    0.024696161377456692,
    0.023929510165356733,
    0.023719322521055762,
    0.023575197479315937,
    0.02329538287302571,
    0.02369845274735593,
    0.02343058496747049,
    0.02266376736185476,
    0.022944111193242096,
    0.023218435657131296
  ],
  "val_maes": [
    0.11004316582941688,
    0.11411670037449208,
    0.10464549104729041,
    0.10719170558345692,
    0.11265017616775538,
    0.10768785822150953,
    0.10205333502837895,
    0.10472594174836249,
    0.1048039866803473,
    0.10790665838616846,
    0.10796381319317583,
    0.1031233608188116,
    0.10214194505070356,
    0.10340810179576745,
    0.10511776574390351,
    0.10848034911626123,
    0.1013008812818292,
    0.09934438193726433,
    0.10054088434029053,
    0.10325266891931739
  ]
}