{
  "experiment_name": "surgical_lstm_v1_20260117_214350",
  "model_version": "v1",
  "final_train_loss": 0.024303710579403857,
  "final_val_loss": 0.023239454592791108,
  "final_val_mae": 0.10406338055973095,
  "best_val_loss": 0.022934535593462632,
  "epochs_completed": 20,
  "training_samples": 56994,
  "test_samples": 14249,
  "batch_size": 64,
  "learning_rate": 0.001,
  "hidden_size": 128,
  "train_losses": [
    0.03764562690097475,
    0.03014650345622122,
    0.028732251797151553,
    0.028248336747305428,
    0.027515558313733066,
    0.0271669925074485,
    0.026890206197747075,
    0.02645788195947505,
    0.02626316804923828,
    0.02614238950205438,
    0.02585859459382717,
    0.025576709571067665,
    0.025398612219953175,
    0.02522247832573691,
    0.025047395876938043,
    0.02481878291727718,
    0.02477829584352229,
    0.02466073823626562,
    0.02447096263837199,
    0.024303710579403857
  ],
  "val_losses": [
    0.028262446045608264,
    0.0268639536875179,
    0.026561701119012897,
    0.026993660627960357,
    0.026145501388028063,
    0.024991669048943593,
    0.02514008615967805,
    0.02495594703980759,
    0.02459829776744137,
    0.024349112318402717,
    0.02418032609293814,
    0.024364829731629033,
    0.024306044471136923,
    0.023888729314315613,
    0.02433643065342855,
    0.02354769857867617,
    0.0235033640053307,
    0.02346457180571262,
    0.022934535593462632,
    0.023239454592791108
  ],
  "val_maes": [
    0.11653129295383334,
    0.10713045506199378,
    0.11202298509032202,
    0.11676688625940827,
    0.11454801645647784,
    0.10619855515090874,
    0.10560119850352206,
    0.10715749428812164,
    0.10568726797809515,
    0.10390363683748673,
    0.1022636649186301,
    0.1053793132639252,
    0.10348653843450974,
    0.10025754173373962,
    0.10720164205194053,
    0.09733347410979293,
    0.10125455190114377,
    0.10303956741308418,
    0.10196830723184107,
    0.10406338055973095
  ]
}