{
  "experiment_name": "surgical_lstm_v1_20260117_215300",
  "model_version": "v1",
  "final_train_loss": 0.024360022393675098,
  "final_val_loss": 0.023519600294697445,
  "final_val_mae": 0.10230414682974195,
  "best_val_loss": 0.023231095045537692,
  "epochs_completed": 20,
  "training_samples": 56994,
  "test_samples": 14249,
  "batch_size": 64,
  "learning_rate": 0.001,
  "hidden_size": 128,
  "train_losses": [
    0.037623629628290765,
    0.029966849717703532,
    0.029052866651027492,
    0.028363334003513978,
    0.027881419120981504,
    0.027388662180322924,
    0.02700614257099987,
    0.026694786495515526,
    0.026372541529236217,
    0.02615733329608083,
    0.025964370449977757,
    0.02563558719575606,
    0.025449922678346185,
    0.025336175089791902,
    0.025213827531655162,
    0.024949900367988147,
    0.024804117265716612,
    0.02464234864174082,
    0.024481361263612438,
    0.024360022393675098
  ],
  "val_losses": [
    0.028564385259565752,
    0.02798364694008913,
    0.027974748875394532,
    0.02669210387853229,
    0.02695785060257655,
    0.026523934631303554,
    0.025395653001763628,
    0.025112772130745677,
    0.02507972529767741,
    0.024542334819454784,
    0.024322921481200663,
    0.024240974119693174,
    0.024850486096980325,
    0.024262749001116496,
    0.023605045691266188,
    0.023715182253464456,
    0.02327577578480201,
    0.02337403146073957,
    0.023231095045537692,
    0.023519600294697445
  ],
  "val_maes": [
    0.10919207942592724,
    0.11619811338025893,
    0.1169421887985794,
    0.1100939378944213,
    0.11799105734568541,
    0.11115689816229012,
    0.10410372805969598,
    0.11013607370078296,
    0.10766979159929292,
    0.105423660055137,
    0.10437961303599746,
    0.10616304321139383,
    0.10834159555055635,
    0.10712362007308969,
    0.1035758080169759,
    0.10650520661486639,
    0.10183485183079681,
    0.1027614595911428,
    0.10246281780202293,
    0.10230414682974195
  ]
}