{
  "experiment_name": "surgical_lstm_v1_20260117_192858",
  "model_version": "v1",
  "final_train_loss": 0.0002090404619539726,
  "final_val_loss": 0.00011288015453414623,
  "final_val_mae": 0.0072080859001541495,
  "best_val_loss": 7.833967682396034e-05,
  "epochs_completed": 20,
  "training_samples": 25802,
  "test_samples": 6451,
  "batch_size": 64,
  "learning_rate": 0.001,
  "hidden_size": 128,
  "train_losses": [
    0.01198018247856399,
    0.006504669504258597,
    0.004799407399674454,
    0.0032299427963369113,
    0.0019436221035822102,
    0.0011471950976088144,
    0.0008217702207811371,
    0.0005223842804253304,
    0.0005206389126908449,
    0.0006054107718299936,
    0.00036863738759985597,
    0.0007332957241010488,
    0.00031312047205646386,
    0.0002717105823766099,
    0.0002699296040884634,
    0.0005133521252099683,
    0.0002438130915726277,
    0.00043416413632933266,
    0.00023517353908780682,
    0.0002090404619539726
  ],
  "val_losses": [
    0.004893286229747504,
    0.0037617125954147023,
    0.003163833092750594,
    0.0019278672240250329,
    0.000656827643691184,
    0.0007539810059536802,
    0.00023079823852703435,
    0.00015207111371835547,
    0.00011535855057697724,
    0.00017471115257865335,
    0.00019632049614049513,
    0.00013900702484390045,
    0.00014880094256501019,
    0.00021548623887367898,
    0.00010707276975730258,
    0.00011118925476243886,
    0.00010290627565470035,
    7.833967682396034e-05,
    0.0001391685241242608,
    0.00011288015453414623
  ],
  "val_maes": [
    0.04871707048156474,
    0.042514423111287676,
    0.03980169006355918,
    0.031487631694515156,
    0.018240553640419304,
    0.0177489683714391,
    0.00982151129329116,
    0.008641642702761854,
    0.007571501901723666,
    0.008713710504482584,
    0.009230079862409004,
    0.008830162069511295,
    0.008482147160327375,
    0.009281353388756219,
    0.007175639612913722,
    0.007112184935940964,
    0.007219025980459877,
    0.006296121957942401,
    0.007079703166232546,
    0.0072080859001541495
  ]
}