{
  "experiment_name": "surgical_lstm_v1_20260117_213033",
  "model_version": "v1",
  "final_train_loss": 0.02414409532478261,
  "final_val_loss": 0.02315160516240204,
  "final_val_mae": 0.09967926769379543,
  "best_val_loss": 0.02315160516240204,
  "epochs_completed": 20,
  "training_samples": 56994,
  "test_samples": 14249,
  "batch_size": 64,
  "learning_rate": 0.001,
  "hidden_size": 128,
  "train_losses": [
    0.039141504196439664,
    0.03075725752881213,
    0.02923153528439845,
    0.028455356155824247,
    0.027733203060256045,
    0.02732842106802763,
    0.026862888016835205,
    0.026398835908600645,
    0.026231196648352408,
    0.02609809230507156,
    0.025753763197021252,
    0.02563253331691127,
    0.02533699733787347,
    0.02516328118319229,
    0.025007522399469323,
    0.024791630816998173,
    0.02480624470646534,
    0.024498787156685634,
    0.02435525383185658,
    0.02414409532478261
  ],
  "val_losses": [
    0.028223746969894978,
    0.026768500194153978,
    0.026867049725333672,
    0.025971069856809928,
    0.02561258220827967,
    0.025494433171011407,
    0.025188821388801116,
    0.02526775538720892,
    0.02462786472415042,
    0.024659299968236497,
    0.02419815176989332,
    0.024136159932366133,
    0.024601989901820907,
    0.02446611029734927,
    0.023569065242203896,
    0.024451407925497257,
    0.023302156615985618,
    0.023443341480710048,
    0.023355916618565807,
    0.02315160516240204
  ],
  "val_maes": [
    0.11579904661852149,
    0.10948755471829341,
    0.11662003488150413,
    0.10514388313608854,
    0.10542547919958696,
    0.10780465242039462,
    0.10940600560785943,
    0.11257068067789078,
    0.10340554664755082,
    0.10625263904910451,
    0.1051793436899848,
    0.10434675330271101,
    0.10748305221844147,
    0.10549607562243671,
    0.10242151752982974,
    0.11025752310929277,
    0.10078508346738302,
    0.1002916621854487,
    0.10138809824604625,
    0.09967926769379543
  ]
}