{
  "experiment_name": "surgical_lstm_v1_20260117_211911",
  "model_version": "v1",
  "final_train_loss": 0.019735936947192004,
  "final_val_loss": 0.01915854804485101,
  "final_val_mae": 0.0900769084524948,
  "best_val_loss": 0.01915854804485101,
  "epochs_completed": 20,
  "training_samples": 56994,
  "test_samples": 14249,
  "batch_size": 64,
  "learning_rate": 0.001,
  "hidden_size": 128,
  "train_losses": [
    0.03319926181229042,
    0.027744974779000654,
    0.026546978888203267,
    0.026006038932027305,
    0.025464530605676466,
    0.0250355245453524,
    0.024855496008555363,
    0.024361962972022803,
    0.024119450681446712,
    0.023900014800923707,
    0.023510416657125575,
    0.023281874937892764,
    0.02292204418404636,
    0.022592530619273618,
    0.02213389410268344,
    0.021657867287102707,
    0.021239545820312268,
    0.020801899215681048,
    0.020264840951371273,
    0.019735936947192004
  ],
  "val_losses": [
    0.025858777437375798,
    0.025179320486939008,
    0.02455895249585667,
    0.023821402082194663,
    0.023242762855216526,
    0.023031961256345827,
    0.02303000861536628,
    0.024298527921161578,
    0.023245222231732355,
    0.0225394664524382,
    0.022106636791686306,
    0.021733778340934103,
    0.022151769594093075,
    0.021504909681331685,
    0.021321888871056616,
    0.020814544984845303,
    0.020314501978523795,
    0.020648518627334068,
    0.019768014759025766,
    0.01915854804485101
  ],
  "val_maes": [
    0.10957663122046689,
    0.1031931422550582,
    0.10816071513255081,
    0.1071209795605976,
    0.09907927080120206,
    0.10104308564700354,
    0.09871375219971609,
    0.10829585914253655,
    0.10619434814549347,
    0.10023424710928057,
    0.09899948510621161,
    0.09718062464699083,
    0.10105130103136926,
    0.0958833060657497,
    0.097905194913058,
    0.09507112953427661,
    0.09336027442874395,
    0.09352736632786524,
    0.09216290954583964,
    0.0900769084524948
  ]
}