{
  "experiment_name": "surgical_lstm_v1_20260117_220117",
  "model_version": "v1",
  "final_train_loss": 0.001971420658834649,
  "final_val_loss": 0.0008737055861979871,
  "final_val_mae": 0.02088864596503159,
  "best_val_loss": 0.0007305509036551497,
  "epochs_completed": 20,
  "training_samples": 57858,
  "test_samples": 14465,
  "batch_size": 64,
  "learning_rate": 0.001,
  "hidden_size": 128,
  "train_losses": [
    0.011629514706331352,
    0.0040412960071065235,
    0.003076264596266353,
    0.002676925955350557,
    0.0025079118136769334,
    0.002391330702088835,
    0.0022759617615178565,
    0.0022117759628499244,
    0.0021850000717033996,
    0.0021520729005614614,
    0.0021062937496970947,
    0.0020770991298894896,
    0.0020368768901754563,
    0.0020241407757285385,
    0.0020293341357857813,
    0.002017166583415491,
    0.0020334889130790342,
    0.002014057521672292,
    0.0020029050975945363,
    0.001971420658834649
  ],
  "val_losses": [
    0.0030250008169783174,
    0.001552167813968537,
    0.0021339306615022246,
    0.0012717302732214758,
    0.003274479524503228,
    0.0010756491757785728,
    0.001095859310794868,
    0.0011579875466577905,
    0.0008779659223412512,
    0.0010487116857366184,
    0.000993831382037678,
    0.001419370264709324,
    0.0014305350138387326,
    0.0008099228446269284,
    0.0010165004721239604,
    0.0007305509036551497,
    0.0009853269480218053,
    0.0012651038741270319,
    0.0011604999805931904,
    0.0008737055861979871
  ],
  "val_maes": [
    0.04266454240036431,
    0.02746762351711416,
    0.035410080162504694,
    0.02345870735558644,
    0.0447232014446269,
    0.023376322856033426,
    0.024188133924871288,
    0.024893380800007723,
    0.02013735273762684,
    0.022920026341330113,
    0.023238926009984794,
    0.029397799801655803,
    0.027599723336783274,
    0.01832740431413514,
    0.021435499142051267,
    0.016481389180810442,
    0.021981747788151457,
    0.02572485277765648,
    0.0236577326965227,
    0.02088864596503159
  ]
}