{
  "experiment_name": "surgical_lstm_v1_20260117_212403",
  "model_version": "v1",
  "final_train_loss": 0.020755544157466704,
  "final_val_loss": 0.020274837179769314,
  "final_val_mae": 0.09528971760796859,
  "best_val_loss": 0.020274837179769314,
  "epochs_completed": 20,
  "training_samples": 56994,
  "test_samples": 14249,
  "batch_size": 64,
  "learning_rate": 0.001,
  "hidden_size": 128,
  "train_losses": [
    0.03483408564695405,
    0.0280024508917422,
    0.02651753499016885,
    0.02584780857288911,
    0.025204835674912572,
    0.024835057893201423,
    0.024481060107758083,
    0.02425425137496657,
    0.024056643051096352,
    0.023849735486997432,
    0.0236274055722687,
    0.023415305789698054,
    0.023203378141879633,
    0.02295211873170904,
    0.02256133940957244,
    0.02231736267121419,
    0.022007936241751166,
    0.02165085941607469,
    0.021178611970217073,
    0.020755544157466704
  ],
  "val_losses": [
    0.025552543832381744,
    0.024481426807529724,
    0.024240344457929712,
    0.024377348816080745,
    0.02361301873129847,
    0.022973490632535898,
    0.02301759071514478,
    0.02278959688484134,
    0.02280155431495921,
    0.022338695147580096,
    0.022040499737611532,
    0.022200713460354526,
    0.022170336879455722,
    0.02179742260364139,
    0.021544341436449455,
    0.02179672995022594,
    0.02109560058890704,
    0.02080853909437833,
    0.0210758206797889,
    0.020274837179769314
  ],
  "val_maes": [
    0.10550464977063406,
    0.1034539708441683,
    0.10680851564145409,
    0.10793782089055921,
    0.09896498263684089,
    0.10006485204525592,
    0.10375692401365315,
    0.09921656121320253,
    0.10544934892200034,
    0.09913999650777723,
    0.09776400226782256,
    0.09676984573960838,
    0.09557167323715483,
    0.09811085552779014,
    0.09787647823715424,
    0.1000043399331281,
    0.09708323550197576,
    0.09423084386661983,
    0.09416798206522325,
    0.09528971760796859
  ]
}