{
  "experiment_name": "surgical_lstm_v1_20260117_214747",
  "model_version": "v1",
  "final_train_loss": 0.0013821355929087668,
  "final_val_loss": 0.00016273524790200926,
  "final_val_mae": 0.009273201176694718,
  "best_val_loss": 0.00016273524790200926,
  "epochs_completed": 20,
  "training_samples": 63736,
  "test_samples": 15934,
  "batch_size": 64,
  "learning_rate": 0.001,
  "hidden_size": 128,
  "train_losses": [
    0.012605297257871288,
    0.00312508031048898,
    0.0023028325296734578,
    0.0019223500337932319,
    0.0017849373092115614,
    0.0016740752110210057,
    0.0016013143845832903,
    0.001571420151247067,
    0.0015323327650432006,
    0.0014933418220373798,
    0.0014568969455288619,
    0.0014392705793197017,
    0.001397470734350993,
    0.0014095760720134918,
    0.0014021706672237594,
    0.0013939029299635365,
    0.00138783145751561,
    0.001366646086386158,
    0.0013797719531947836,
    0.0013821355929087668
  ],
  "val_losses": [
    0.0008351991332255783,
    0.0004480876404082358,
    0.0003847433972367867,
    0.0004789497108146339,
    0.00047889037500042095,
    0.00028286571719638825,
    0.00034295515131334357,
    0.00040827131803039025,
    0.0001999921177445638,
    0.00020421828370869541,
    0.0002299402840727712,
    0.00017883086317110373,
    0.00046698165317365237,
    0.0003032402457327144,
    0.00019372880885921732,
    0.0002637509283250624,
    0.0003209737488690457,
    0.00019312402220390528,
    0.0001804353545682157,
    0.00016273524790200926
  ],
  "val_maes": [
    0.020090754768515687,
    0.013799037126053768,
    0.013998550228235951,
    0.016954338499700208,
    0.017620322724662154,
    0.012841480533521339,
    0.014323699123499144,
    0.015444095684103218,
    0.010066479431412905,
    0.010094231076867705,
    0.011149495959760674,
    0.009624943836595878,
    0.01819603738326385,
    0.013787419396830371,
    0.010409773521903289,
    0.011541690654962897,
    0.013216387764756459,
    0.010313377580998173,
    0.009948746200246984,
    0.009273201176694718
  ]
}